<?xml version="1.0" encoding="UTF-8"?>
<metadata xml:lang="en"><Esri><CreaDate>20170127</CreaDate><CreaTime>11330000</CreaTime><ArcGISFormat>1.0</ArcGISFormat><ArcGISstyle>ISO 19139 Metadata Implementation Specification</ArcGISstyle><SyncOnce>TRUE</SyncOnce><DataProperties><lineage><Process ToolSource="d:\program files (x86)\arcgis\desktop10.4\ArcToolbox\Toolboxes\Data Management Tools.tbx\CalculateField" Date="20170127" Time="113300">CalculateField index09_UTM_w_attributes ID !TxtMemo!.replace(" ", "") PYTHON_9.3 #</Process><Process ToolSource="d:\program files (x86)\arcgis\desktop10.4\ArcToolbox\Toolboxes\Data Management Tools.tbx\CalculateField" Date="20170127" Time="113456">CalculateField index09_UTM_w_attributes URL ""http://myaccess.library.utoronto.ca:80/login?URL=http://maps.library.utoronto.ca/dataut/toronto/orthos09/ortho_tiles/" + [ID] + ".zip"" VB #</Process></lineage></DataProperties></Esri></metadata>
