<?xml version="1.0"?>
<!--<!DOCTYPE metadata SYSTEM "http://www.esri.com/metadata/esriprof80.dtd">-->
<metadata xml:lang="en"><Esri><CreaDate>20130815</CreaDate><CreaTime>11383200</CreaTime><SyncOnce>FALSE</SyncOnce><SyncDate>20131024</SyncDate><SyncTime>16522600</SyncTime><ModDate>20131024</ModDate><ModTime>16522600</ModTime><MetaID>{AD6868C4-AB97-4F23-9C0E-E427792367E9}</MetaID><DataProperties><itemProps><itemName Sync="TRUE">ONlur</itemName><imsContentType Sync="TRUE">002</imsContentType><itemSize Sync="TRUE">0.000</itemSize><itemLocation><linkage Sync="TRUE">file://\\192-84\GIS$\STAFF\SS\DMTI ArcView\CanMapRL\aaaaaaGTA - to be done\ONlur.shp</linkage><protocol Sync="TRUE">Local Area Network</protocol></itemLocation></itemProps><coordRef><type Sync="TRUE">Geographic</type><geogcsn Sync="TRUE">GCS_WGS_1984</geogcsn><csUnits Sync="TRUE">Angular Unit: Degree (0.017453)</csUnits><peXml Sync="TRUE">&lt;GeographicCoordinateSystem xsi:type='typens:GeographicCoordinateSystem' xmlns:xsi='http://www.w3.org/2001/XMLSchema-instance' xmlns:xs='http://www.w3.org/2001/XMLSchema' xmlns:typens='http://www.esri.com/schemas/ArcGIS/10.1'&gt;&lt;WKT&gt;GEOGCS[&amp;quot;GCS_WGS_1984&amp;quot;,DATUM[&amp;quot;D_WGS_1984&amp;quot;,SPHEROID[&amp;quot;WGS_1984&amp;quot;,6378137.0,298.257223563]],PRIMEM[&amp;quot;Greenwich&amp;quot;,0.0],UNIT[&amp;quot;Degree&amp;quot;,0.0174532925199433],AUTHORITY[&amp;quot;EPSG&amp;quot;,4326]]&lt;/WKT&gt;&lt;XOrigin&gt;-400&lt;/XOrigin&gt;&lt;YOrigin&gt;-400&lt;/YOrigin&gt;&lt;XYScale&gt;11258999068426.238&lt;/XYScale&gt;&lt;ZOrigin&gt;-100000&lt;/ZOrigin&gt;&lt;ZScale&gt;10000&lt;/ZScale&gt;&lt;MOrigin&gt;-100000&lt;/MOrigin&gt;&lt;MScale&gt;10000&lt;/MScale&gt;&lt;XYTolerance&gt;8.983152841195215e-009&lt;/XYTolerance&gt;&lt;ZTolerance&gt;0.001&lt;/ZTolerance&gt;&lt;MTolerance&gt;0.001&lt;/MTolerance&gt;&lt;HighPrecision&gt;true&lt;/HighPrecision&gt;&lt;LeftLongitude&gt;-180&lt;/LeftLongitude&gt;&lt;WKID&gt;4326&lt;/WKID&gt;&lt;LatestWKID&gt;4326&lt;/LatestWKID&gt;&lt;/GeographicCoordinateSystem&gt;</peXml></coordRef></DataProperties></Esri><idinfo><native Sync="TRUE"> Version 6.1 (Build 7601) Service Pack 1; ESRI ArcCatalog 9.2.6.1500</native><descript><langdata Sync="FALSE" value="en">en</langdata><abstract>Landuse refers to the patterns of construction and activity that land is used for including the following landuse categories: commercial; government and institutional; open area; parks and recreational; residential; resource and industrial; or waterbody</abstract><purpose>To create a landuse dataset within urban topographic areas which can be used for cartographic display and applications that require generalized modelled landuse.</purpose><supplinf>Landuse was initially created using NTDB sourcing and was realigned/reclassified using more up to date sourcing such as 2001 census, CanMap Streetfiles, EPOI and various other sources.</supplinf></descript><citation><citeinfo><origin>DMTI Spatial Inc</origin><pubdate>20130815</pubdate><title Sync="FALSE">Land Use (LUR)</title><ftname Sync="FALSE">Land Use (LUR)</ftname><geoform Sync="TRUE">vector digital data</geoform><onlink>Please enter file location path here.</onlink><onlink Sync="FALSE"></onlink></citeinfo></citation><timeperd><current>publication date</current><timeinfo><rngdates><begdate>19990201</begdate><enddate>20130801</enddate></rngdates></timeinfo></timeperd><status><progress>Complete</progress><update>Quarterly</update></status><spdom><bounding><westbc Sync="TRUE">-94.591895</westbc><eastbc Sync="TRUE">-74.577898</eastbc><northbc Sync="TRUE">51.295834</northbc><southbc Sync="TRUE">41.956747</southbc></bounding><lboundng><leftbc Sync="TRUE">-94.591895</leftbc><rightbc Sync="TRUE">-74.577898</rightbc><bottombc Sync="TRUE">41.956747</bottombc><topbc Sync="TRUE">51.295834</topbc></lboundng></spdom><keywords><theme><themekt>Not Available</themekt><themekey>Keywords:</themekey><themekey>Commercial</themekey><themekey> Parks</themekey><themekey> Residential</themekey><themekey> Industrial</themekey><themekey> Waterbody</themekey><themekey> Open area</themekey></theme></keywords><accconst>REQUIRED: Restrictions and legal prerequisites for accessing the data set.</accconst><useconst>REQUIRED: Restrictions and legal prerequisites for using the data set after access is granted.</useconst><natvform Sync="TRUE">Shapefile</natvform><ptcontac><cntinfo><cntorgp><cntper>Rick Andrews</cntper><cntorg>DMTI Spatial Inc</cntorg></cntorgp><cntaddr><addrtype>mailing and physical address</addrtype><city>Markham</city><state>Ontario</state><postal>L3R 9R9</postal><address>15 Allstate Parkway</address><country>Canada</country></cntaddr><cntvoice>1-877-477-3684</cntvoice><cntpos>Manager</cntpos><cntfax>1-905-948-9404</cntfax><cntemail>randrews@dmtispatial.com</cntemail></cntinfo></ptcontac></idinfo><dataIdInfo><envirDesc Sync="TRUE">Microsoft Windows XP Version 5.1 (Build 2600) Service Pack 3; Esri ArcGIS 10.2.0.3348</envirDesc><dataLang><languageCode Sync="FALSE" value="en"></languageCode><countryCode value="US" Sync="TRUE"></countryCode></dataLang><idCitation><resTitle Sync="FALSE">Land Use (LUR)</resTitle><presForm><PresFormCd Sync="FALSE" value="005"></PresFormCd></presForm><Title>Land Use (LUR)</Title><resRefDate><refDate>19990215</refDate><refDateType><DateTypCd value="001"></DateTypCd></refDateType></resRefDate><resRefDate><refDate>20130815</refDate><refDateType><DateTypCd value="003"></DateTypCd></refDateType></resRefDate><resRefDate><refDate>20130815</refDate><refDateType><DateTypCd value="002"></DateTypCd></refDateType></resRefDate><resEdDate>20130815</resEdDate><resEd>2013.3</resEd></idCitation><spatRpType><SpatRepTypCd Sync="TRUE" value="001"></SpatRepTypCd></spatRpType><dataExt><geoEle><GeoBndBox esriExtentType="native"><westBL Sync="TRUE">-94.591895</westBL><eastBL Sync="TRUE">-74.577898</eastBL><northBL Sync="TRUE">51.295834</northBL><southBL Sync="TRUE">41.956747</southBL><exTypeCode Sync="TRUE">1</exTypeCode></GeoBndBox></geoEle><tempEle><TempExtent><exTemp><TM_GeometricPrimitive><TM_Period><begin>19990201</begin><end>20130801</end></TM_Period></TM_GeometricPrimitive></exTemp></TempExtent></tempEle></dataExt><geoBox esriExtentType="decdegrees"><westBL Sync="TRUE">-94.591895</westBL><eastBL Sync="TRUE">-74.577898</eastBL><northBL Sync="TRUE">51.295834</northBL><southBL Sync="TRUE">41.956747</southBL><exTypeCode Sync="TRUE">1</exTypeCode></geoBox><idAbs>Landuse refers to the patterns of construction and activity that land is used for including the following landuse categories: commercial; government and institutional; open area; parks and recreational; residential; resource and industrial; or waterbody</idAbs><descKeys KeyTypCd="005"><keyTyp><KeyTypCd value="005"></KeyTypCd></keyTyp><keyword>Commercial</keyword><keyword> Parks</keyword><keyword> Residential</keyword><keyword> Industrial</keyword><keyword> Waterbody</keyword><keyword> Open area</keyword><thesaName><resTitle>Not Available</resTitle></thesaName></descKeys><tpCat><TopicCatCd value="010"></TopicCatCd></tpCat><dataScale><equScale><rfDenom>1000/50000</rfDenom></equScale></dataScale><resMaint><maintFreq><MaintFreqCd value="006"></MaintFreqCd></maintFreq><dateNext>20131115</dateNext></resMaint><resConst><Consts><useLimit>As Per End User License Agreement</useLimit></Consts></resConst></dataIdInfo><metainfo><langmeta Sync="FALSE" value="en">en</langmeta><metstdn Sync="TRUE">FGDC Content Standards for Digital Geospatial Metadata</metstdn><metstdv Sync="TRUE">FGDC-STD-001-1998</metstdv><mettc Sync="TRUE">local time</mettc><metc><cntinfo><cntorgp><cntper>Rick Andrews</cntper><cntorg>DMTI Spatial Inc</cntorg></cntorgp><cntaddr><addrtype>mailing address</addrtype><city>Markham</city><state>Ontario</state><postal>L3R 9R9</postal><address>15 Allstate Parkway</address><country>Canada</country></cntaddr><cntvoice>1-877-477-3684</cntvoice><cntpos>Manager</cntpos><cntfax>1-905-948-9404</cntfax><cntemail>randrews@dmtispatial.com</cntemail></cntinfo></metc><metd Sync="TRUE">20130815</metd></metainfo><mdLang><languageCode Sync="FALSE" value="en"></languageCode><countryCode value="US" Sync="TRUE"></countryCode></mdLang><mdStanName Sync="TRUE">ISO 19115 Geographic Information - Metadata</mdStanName><mdStanVer Sync="TRUE">DIS_ESRI1.0</mdStanVer><mdChar><CharSetCd Sync="TRUE" value="004"></CharSetCd></mdChar><mdHrLv><ScopeCd Sync="TRUE" value="005"></ScopeCd></mdHrLv><mdHrLvName Sync="TRUE">dataset</mdHrLvName><distinfo><resdesc Sync="TRUE">Downloadable Data</resdesc><stdorder><digform><digtinfo><transize Sync="TRUE">105.161</transize><dssize Sync="TRUE">105.161</dssize></digtinfo></digform></stdorder></distinfo><distInfo><distributor><distorTran><onLineSrc><orDesc Sync="FALSE"></orDesc><linkage Sync="FALSE">Please enter file location path here.</linkage><protocol Sync="FALSE"></protocol></onLineSrc><transSize Sync="TRUE">105.161</transSize></distorTran><distorFormat><formatName Sync="TRUE">Shapefile</formatName></distorFormat><distorCont><rpIndName>Account Manager</rpIndName><rpOrgName>DMTI Spatial Inc.</rpOrgName><rpPosName>Sales Account Manager</rpPosName><rpCntInfo><cntAddress><delPoint>15 Allstate Parkway</delPoint><city>Markham</city><adminArea>Ontario</adminArea><postCode>L3R 9R9</postCode><eMailAdd>info@dmtispatial.com</eMailAdd><country>ca</country></cntAddress><cntPhone><rptInfo><voiceNum>1-877-477-3684</voiceNum><faxNum>1-905-948-9404</faxNum></rptInfo><voiceNum>1-877-477-3684</voiceNum><faxNum>1-905-948-9404</faxNum></cntPhone></rpCntInfo><role><RoleCd value="001"></RoleCd></role></distorCont><distorordPrc><ordTurn>Off the shelf CanMap® products are shipped in 3-5 business days Custom CanMap products are fulfilled in 7-10 business days</ordTurn></distorordPrc></distributor><distFormat><formatName Sync="TRUE">Shapefile</formatName></distFormat><distTranOps><transSize Sync="TRUE">0.000</transSize></distTranOps></distInfo><spdoinfo><direct Sync="TRUE">Vector</direct><ptvctinf><esriterm Name="ONlur"><efeatyp Sync="TRUE">Simple</efeatyp><efeageom code="4" Sync="TRUE"></efeageom><esritopo Sync="TRUE">FALSE</esritopo><efeacnt Sync="TRUE">0</efeacnt><spindex Sync="TRUE">FALSE</spindex><linrefer Sync="TRUE">FALSE</linrefer></esriterm></ptvctinf></spdoinfo><spref><horizsys><cordsysn><geogcsn Sync="TRUE">GCS_WGS_1984</geogcsn></cordsysn><geograph><geogunit Sync="TRUE">Decimal degrees</geogunit><latres Sync="TRUE">0.000000</latres><longres Sync="TRUE">0.000000</longres></geograph><geodetic><horizdn Sync="TRUE">D_WGS_1984</horizdn><ellips Sync="TRUE">WGS_1984</ellips><semiaxis Sync="TRUE">6378137.000000</semiaxis><denflat Sync="TRUE">298.257224</denflat></geodetic></horizsys></spref><refSysInfo><RefSystem><refSysID><identCode Sync="TRUE" code="4326">GCS_WGS_1984</identCode><idCodeSpace Sync="TRUE">EPSG</idCodeSpace><idVersion Sync="TRUE">8.1.1</idVersion></refSysID></RefSystem></refSysInfo><spatRepInfo><VectSpatRep><geometObjs Name="ONlur"><geoObjTyp><GeoObjTypCd value="002" Sync="TRUE"></GeoObjTypCd></geoObjTyp><geoObjCnt Sync="TRUE">0</geoObjCnt></geometObjs><topLvl><TopoLevCd value="001" Sync="TRUE"></TopoLevCd></topLvl></VectSpatRep></spatRepInfo><eainfo><detailed Name="ONlur"><enttyp><enttypl Sync="TRUE">ONlur</enttypl><enttypt Sync="TRUE">Feature Class</enttypt><enttypc Sync="TRUE">0</enttypc></enttyp><attr><attrlabl Sync="TRUE">FID</attrlabl><attalias Sync="TRUE">FID</attalias><attrtype Sync="TRUE">OID</attrtype><attwidth Sync="TRUE">4</attwidth><atprecis Sync="TRUE">0</atprecis><attscale Sync="TRUE">0</attscale><attrdef Sync="TRUE">Internal feature number.</attrdef><attrdefs Sync="TRUE">ESRI</attrdefs><attrdomv><udom Sync="TRUE">Sequential unique whole numbers that are automatically generated.</udom></attrdomv></attr><attr><attrlabl Sync="TRUE">Shape</attrlabl><attalias Sync="TRUE">Shape</attalias><attrtype Sync="TRUE">Geometry</attrtype><attwidth Sync="TRUE">0</attwidth><atprecis Sync="TRUE">0</atprecis><attscale Sync="TRUE">0</attscale><attrdef Sync="TRUE">Feature geometry.</attrdef><attrdefs Sync="TRUE">ESRI</attrdefs><attrdomv><udom Sync="TRUE">Coordinates defining the features.</udom></attrdomv></attr><attr><attrlabl Sync="TRUE">CATEGORY</attrlabl><attalias Sync="TRUE">CATEGORY</attalias><attrtype Sync="TRUE">String</attrtype><attwidth Sync="TRUE">40</attwidth><atprecis Sync="TRUE">0</atprecis><attscale Sync="TRUE">0</attscale></attr></detailed></eainfo><mdDateSt Sync="TRUE">20131024</mdDateSt><mdContact><rpIndName>Rick Andrews</rpIndName><rpOrgName>DMTI Spatial Inc</rpOrgName><rpPosName>Manager</rpPosName><role><RoleCd value="007"></RoleCd></role><rpCntInfo><cntAddress><delPoint>15 Allstate Parkway</delPoint><city>Markham</city><adminArea>Ontario</adminArea><postCode>L3R 9R9</postCode><eMailAdd>randrews@dmtispatial.com</eMailAdd><country>ca</country></cntAddress><cntPhone><voiceNum>1-877-477-3684</voiceNum><faxNum>1-905-948-9404</faxNum></cntPhone></rpCntInfo></mdContact><dqInfo><dataLineage><statement>Landuse was initially created using NTDB sourcing and was realigned/reclassified using more up to date sourcing such as 2001 census, CanMap Streetfiles, EPOI and various other sources.</statement></dataLineage></dqInfo><dataqual><posacc><horizpa><qhorizpa><horizpav>1:1000</horizpav><horizpae>The minimum scale at which the dataset was digitized or the best scale to view the data.</horizpae></qhorizpa><qhorizpa><horizpav>1:50000</horizpav><horizpae>The maximum scale at which the dataset was digitized or the best scale to view the data.</horizpae></qhorizpa></horizpa></posacc><lineage><procstep><procdesc Sync="TRUE">Dataset copied.</procdesc><srcused Sync="TRUE"></srcused><date Sync="TRUE">20130815</date><time Sync="TRUE">11383200</time></procstep></lineage></dataqual></metadata>
